id,link
id,link
31984190,/auto_bmw_530_31984190.html
31984190,/auto_bmw_530_31984190.html
31983249,/auto_ford_fiesta_31983249.html
31983249,/auto_ford_fiesta_31983249.html
31968368,/auto_toyota_auris_31968368.html
31968368,/auto_toyota_auris_31968368.html
31909571,/auto_mercedes_benz_sprinter_316_gruz_31909571.html
31909571,/auto_mercedes_benz_sprinter_316_gruz_31909571.html
31951857,/auto_volkswagen_tiguan_31951857.html
31951857,/auto_volkswagen_tiguan_31951857.html
31976119,/auto_volkswagen_golf_vii_31976119.html
31976119,/auto_volkswagen_golf_vii_31976119.html
31983551,/auto_bmw_328_31983551.html
31983551,/auto_bmw_328_31983551.html
29925033,/auto_mercedes_benz_g_350_29925033.html
29925033,/auto_mercedes_benz_g_350_29925033.html
31973083,/auto_volkswagen_touareg_31973083.html
31973083,/auto_volkswagen_touareg_31973083.html
31870412,/auto_volkswagen_touareg_31870412.html
31870412,/auto_volkswagen_touareg_31870412.html
30227251,/auto_bmw_x5_30227251.html
30227251,/auto_bmw_x5_30227251.html
31930417,/auto_citroen_c4_picasso_31930417.html
31930417,/auto_citroen_c4_picasso_31930417.html
31968922,/auto_volkswagen_touareg_31968922.html
31968922,/auto_volkswagen_touareg_31968922.html
29704849,/auto_volkswagen_touareg_29704849.html
29704849,/auto_volkswagen_touareg_29704849.html
31976663,/auto_volkswagen_passat_b7_31976663.html
31976663,/auto_volkswagen_passat_b7_31976663.html
31065364,/auto_audi_q7_31065364.html
31065364,/auto_audi_q7_31065364.html
31921164,/auto_audi_q7_31921164.html
31921164,/auto_audi_q7_31921164.html
31978465,/auto_volkswagen_passat_b6_31978465.html
31978465,/auto_volkswagen_passat_b6_31978465.html
31970571,/auto_volkswagen_passat_b6_31970571.html
31970571,/auto_volkswagen_passat_b6_31970571.html
31946776,/auto_volkswagen_tiguan_31946776.html
31946776,/auto_volkswagen_tiguan_31946776.html
31911955,/auto_hyundai_tucson_31911955.html
31911955,/auto_hyundai_tucson_31911955.html
31904969,/auto_renault_koleos_31904969.html
31904969,/auto_renault_koleos_31904969.html
31600593,/auto_bmw_x3_31600593.html
31600593,/auto_bmw_x3_31600593.html
31982138,/auto_bmw_x5_31982138.html
31982138,/auto_bmw_x5_31982138.html
31974236,/auto_bmw_x5_31974236.html
31974236,/auto_bmw_x5_31974236.html
31963261,/auto_volkswagen_touareg_31963261.html
31963261,/auto_volkswagen_touareg_31963261.html
31965355,/auto_hyundai_tucson_31965355.html
31965355,/auto_hyundai_tucson_31965355.html
31889221,/auto_bmw_x3_31889221.html
31889221,/auto_bmw_x3_31889221.html
17875914,/auto_peugeot_boxer_gruz_17875914.html
17875914,/auto_peugeot_boxer_gruz_17875914.html
31973706,/auto_volkswagen_passat_b6_31973706.html
31973706,/auto_volkswagen_passat_b6_31973706.html
31979059,/auto_skoda_superb_31979059.html
31979059,/auto_skoda_superb_31979059.html
31978163,/auto_opel_zafira_31978163.html
31978163,/auto_opel_zafira_31978163.html
31720458,/auto_mitsubishi_outlander_31720458.html
31720458,/auto_mitsubishi_outlander_31720458.html
31970552,/auto_bmw_x5_31970552.html
31970552,/auto_bmw_x5_31970552.html
31974414,/auto_audi_a4_31974414.html
31974414,/auto_audi_a4_31974414.html
31949366,/auto_renault_megane_31949366.html
31949366,/auto_renault_megane_31949366.html
31929177,/auto_ford_fusion_31929177.html
31929177,/auto_ford_fusion_31929177.html
31929097,/auto_mercedes_benz_s_63_amg_31929097.html
31929097,/auto_mercedes_benz_s_63_amg_31929097.html
30246582,/auto_bmw_x5_30246582.html
30246582,/auto_bmw_x5_30246582.html
31911968,/auto_skoda_octavia_a5_31911968.html
31911968,/auto_skoda_octavia_a5_31911968.html
31852287,/auto_opel_vectra_c_31852287.html
31852287,/auto_opel_vectra_c_31852287.html
31852030,/auto_renault_megane_31852030.html
31852030,/auto_renault_megane_31852030.html
31946201,/auto_citroen_c8_31946201.html
31946201,/auto_citroen_c8_31946201.html
31946071,/auto_citroen_c8_31946071.html
31946071,/auto_citroen_c8_31946071.html
31966205,/auto_skoda_octavia_a5_31966205.html
31966205,/auto_skoda_octavia_a5_31966205.html
31966136,/auto_ford_focus_31966136.html
31966136,/auto_ford_focus_31966136.html
31966069,/auto_dacia_logan_31966069.html
31966069,/auto_dacia_logan_31966069.html
31979420,/auto_mercedes_benz_sprinter_316_gruz_31979420.html
31979420,/auto_mercedes_benz_sprinter_316_gruz_31979420.html
31979451,/auto_volvo_v50_31979451.html
31979451,/auto_volvo_v50_31979451.html
31970061,/auto_bmw_x5_31970061.html
31970061,/auto_bmw_x5_31970061.html
31878864,/auto_skoda_superb_31878864.html
31878864,/auto_skoda_superb_31878864.html
31934648,/auto_mercedes_benz_s_63_amg_31934648.html
31934648,/auto_mercedes_benz_s_63_amg_31934648.html
31983290,/auto_audi_a5_31983290.html
31983290,/auto_audi_a5_31983290.html
31959374,/auto_nissan_qashqai_2_31959374.html
31959374,/auto_nissan_qashqai_2_31959374.html
31957574,/auto_nissan_rogue_31957574.html
31957574,/auto_nissan_rogue_31957574.html
31922842,/auto_mitsubishi_outlander_31922842.html
31922842,/auto_mitsubishi_outlander_31922842.html
31983655,/auto_opel_zafira_31983655.html
31983655,/auto_opel_zafira_31983655.html
31982718,/auto_mitsubishi_lancer_31982718.html
31982718,/auto_mitsubishi_lancer_31982718.html
31980356,/auto_ford_focus_31980356.html
31980356,/auto_ford_focus_31980356.html
31965675,/auto_audi_s7_31965675.html
31965675,/auto_audi_s7_31965675.html
31958944,/auto_ford_focus_31958944.html
31958944,/auto_ford_focus_31958944.html
31780855,/auto_volkswagen_passat_b7_31780855.html
31780855,/auto_volkswagen_passat_b7_31780855.html
31606124,/auto_skoda_superb_31606124.html
31606124,/auto_skoda_superb_31606124.html
31920718,/auto_toyota_camry_31920718.html
31920718,/auto_toyota_camry_31920718.html
31912445,/auto_ford_fusion_31912445.html
31912445,/auto_ford_fusion_31912445.html
31910252,/auto_volkswagen_passat_b7_31910252.html
31910252,/auto_volkswagen_passat_b7_31910252.html
31978177,/auto_opel_zafira_31978177.html
31978177,/auto_opel_zafira_31978177.html
31811597,/auto_nissan_rogue_31811597.html
31811597,/auto_nissan_rogue_31811597.html
31797288,/auto_audi_a6_31797288.html
31797288,/auto_audi_a6_31797288.html
31983860,/auto_audi_a4_31983860.html
31983860,/auto_audi_a4_31983860.html
31975080,/auto_bmw_x6_31975080.html
31975080,/auto_bmw_x6_31975080.html
31963903,/auto_ford_edge_31963903.html
31963903,/auto_ford_edge_31963903.html
31387391,/auto_audi_a6_31387391.html
31387391,/auto_audi_a6_31387391.html
31955595,/auto_audi_a4_31955595.html
31955595,/auto_audi_a4_31955595.html
31945418,/auto_mazda_6_31945418.html
31945418,/auto_mazda_6_31945418.html
31450296,/auto_toyota_rav4_31450296.html
31450296,/auto_toyota_rav4_31450296.html
31351339,/auto_skoda_octavia_a5_31351339.html
31351339,/auto_skoda_octavia_a5_31351339.html
31980253,/auto_toyota_rav4_31980253.html
31980253,/auto_toyota_rav4_31980253.html
31878269,/auto_land_rover_range_rover_sport_31878269.html
31878269,/auto_land_rover_range_rover_sport_31878269.html
31970069,/auto_lexus_rx_350_31970069.html
31970069,/auto_lexus_rx_350_31970069.html
31968785,/auto_ford_fusion_31968785.html
31968785,/auto_ford_fusion_31968785.html
31968096,/auto_kia_sportage_31968096.html
31968096,/auto_kia_sportage_31968096.html
31965157,/auto_bmw_330_31965157.html
31965157,/auto_bmw_330_31965157.html
30939569,/auto_volkswagen_tiguan_30939569.html
30939569,/auto_volkswagen_tiguan_30939569.html
31927746,/auto_ford_fusion_31927746.html
31927746,/auto_ford_fusion_31927746.html
31693843,/auto_bmw_528_31693843.html
31693843,/auto_bmw_528_31693843.html
31984642,/auto_audi_q5_31984642.html
31984642,/auto_audi_q5_31984642.html
31984066,/auto_nissan_qashqai_31984066.html
31984066,/auto_nissan_qashqai_31984066.html
31662047,/auto_volkswagen_touareg_31662047.html
31662047,/auto_volkswagen_touareg_31662047.html
31942538,/auto_bmw_316_31942538.html
31942538,/auto_bmw_316_31942538.html
31961956,/auto_volvo_v50_31961956.html
31961956,/auto_volvo_v50_31961956.html
31958496,/auto_audi_q7_31958496.html
31958496,/auto_audi_q7_31958496.html
31934533,/auto_volkswagen_passat_b6_31934533.html
31934533,/auto_volkswagen_passat_b6_31934533.html
31934162,/auto_toyota_camry_31934162.html
31934162,/auto_toyota_camry_31934162.html
31878874,/auto_audi_q5_31878874.html
31878874,/auto_audi_q5_31878874.html
31457367,/auto_nissan_rogue_31457367.html
31457367,/auto_nissan_rogue_31457367.html
31981883,/auto_volkswagen_touareg_31981883.html
31981883,/auto_volkswagen_touareg_31981883.html
31981910,/auto_ford_escape_31981910.html
31981910,/auto_ford_escape_31981910.html
31981815,/auto_volkswagen_touareg_31981815.html
31981815,/auto_volkswagen_touareg_31981815.html
31979127,/auto_volkswagen_golf_plus_31979127.html
31979127,/auto_volkswagen_golf_plus_31979127.html
31974141,/auto_volkswagen_passat_b7_31974141.html
31974141,/auto_volkswagen_passat_b7_31974141.html
31360463,/auto_bobcat_s250_31360463.html
31360463,/auto_bobcat_s250_31360463.html
31969599,/auto_mazda_3_31969599.html
31969599,/auto_mazda_3_31969599.html
31966335,/auto_volkswagen_touareg_31966335.html
31966335,/auto_volkswagen_touareg_31966335.html
31760083,/auto_porsche_cayenne_31760083.html
31760083,/auto_porsche_cayenne_31760083.html
31960262,/auto_mercedes_benz_vito_111_31960262.html
31960262,/auto_mercedes_benz_vito_111_31960262.html
31958725,/auto_volkswagen_passat_b8_31958725.html
31958725,/auto_volkswagen_passat_b8_31958725.html
31808316,/auto_audi_a3_31808316.html
31808316,/auto_audi_a3_31808316.html
31952991,/auto_mercedes_benz_gl_550_31952991.html
31952991,/auto_mercedes_benz_gl_550_31952991.html
31930222,/auto_ford_fusion_31930222.html
31930222,/auto_ford_fusion_31930222.html
31936790,/auto_toyota_camry_31936790.html
31936790,/auto_toyota_camry_31936790.html
31676024,/auto_skoda_octavia_tour_31676024.html
31676024,/auto_skoda_octavia_tour_31676024.html
31917315,/auto_audi_q7_31917315.html
31917315,/auto_audi_q7_31917315.html
31913980,/auto_bmw_528_31913980.html
31913980,/auto_bmw_528_31913980.html
31907079,/auto_skoda_octavia_a7_31907079.html
31907079,/auto_skoda_octavia_a7_31907079.html
31900950,/auto_bobcat_s630_31900950.html
31900950,/auto_bobcat_s630_31900950.html
31873643,/auto_mercedes_benz_g_63_amg_31873643.html
31873643,/auto_mercedes_benz_g_63_amg_31873643.html
31845371,/auto_audi_a4_31845371.html
31845371,/auto_audi_a4_31845371.html
31843070,/auto_ford_fusion_31843070.html
31843070,/auto_ford_fusion_31843070.html
31536110,/auto_audi_q5_31536110.html
31536110,/auto_audi_q5_31536110.html
31975577,/auto_land_rover_discovery_sport_31975577.html
31975577,/auto_land_rover_discovery_sport_31975577.html
31904666,/auto_land_rover_range_rover_sport_31904666.html
31904666,/auto_land_rover_range_rover_sport_31904666.html
31967830,/auto_toyota_rav4_31967830.html
31967830,/auto_toyota_rav4_31967830.html
31967578,/auto_bmw_520_31967578.html
31967578,/auto_bmw_520_31967578.html
31962048,/auto_toyota_camry_31962048.html
31962048,/auto_toyota_camry_31962048.html
30129727,/auto_hyundai_sonata_30129727.html
30129727,/auto_hyundai_sonata_30129727.html
31961206,/auto_bmw_528_31961206.html
31961206,/auto_bmw_528_31961206.html
31953581,/auto_nissan_x_trail_31953581.html
31953581,/auto_nissan_x_trail_31953581.html
31951089,/auto_tesla_model_3_31951089.html
31951089,/auto_tesla_model_3_31951089.html
31946070,/auto_bmw_330_31946070.html
31946070,/auto_bmw_330_31946070.html
31942698,/auto_bmw_x5_31942698.html
31942698,/auto_bmw_x5_31942698.html
31826912,/auto_tesla_model_3_31826912.html
31826912,/auto_tesla_model_3_31826912.html
31492143,/auto_bobcat_s650_31492143.html
31492143,/auto_bobcat_s650_31492143.html
31480414,/auto_bobcat_s650_31480414.html
31480414,/auto_bobcat_s650_31480414.html
31899205,/auto_hyundai_tucson_31899205.html
31899205,/auto_hyundai_tucson_31899205.html
31855897,/auto_kia_sportage_31855897.html
31855897,/auto_kia_sportage_31855897.html
30772943,/auto_volkswagen_passat_b8_30772943.html
30772943,/auto_volkswagen_passat_b8_30772943.html
31963616,/auto_hyundai_i30_31963616.html
31963616,/auto_hyundai_i30_31963616.html
31706173,/auto_man_tgx_31706173.html
31706173,/auto_man_tgx_31706173.html
31976037,/auto_opel_zafira_31976037.html
31976037,/auto_opel_zafira_31976037.html
31974458,/auto_renault_megane_31974458.html
31974458,/auto_renault_megane_31974458.html
31428356,/auto_mercedes_benz_c_250_31428356.html
31428356,/auto_mercedes_benz_c_250_31428356.html
31962297,/auto_nissan_qashqai_31962297.html
31962297,/auto_nissan_qashqai_31962297.html
31961052,/auto_bmw_x3_31961052.html
31961052,/auto_bmw_x3_31961052.html
31946373,/auto_volkswagen_passat_b8_31946373.html
31946373,/auto_volkswagen_passat_b8_31946373.html
31935450,/auto_audi_a4_31935450.html
31935450,/auto_audi_a4_31935450.html
31608796,/auto_opel_astra_j_31608796.html
31608796,/auto_opel_astra_j_31608796.html
31803358,/auto_lexus_lx_570_31803358.html
31803358,/auto_lexus_lx_570_31803358.html
31668969,/auto_land_rover_range_rover_sport_31668969.html
31668969,/auto_land_rover_range_rover_sport_31668969.html
31434231,/auto_hyundai_i30_31434231.html
31434231,/auto_hyundai_i30_31434231.html
29972685,/auto_volkswagen_golf_iv_29972685.html
29972685,/auto_volkswagen_golf_iv_29972685.html
31825287,/auto_volkswagen_golf_plus_31825287.html
31825287,/auto_volkswagen_golf_plus_31825287.html
31805801,/auto_man_tgx_31805801.html
31805801,/auto_man_tgx_31805801.html
29315951,/auto_bobcat_s650_29315951.html
29315951,/auto_bobcat_s650_29315951.html
1876983,/newauto/auto-mercedes-benz-glc-class-1876983.html
1876983,/newauto/auto-mercedes-benz-glc-class-1876983.html
1870527,/newauto/auto-peugeot-2008-1870527.html
1870527,/newauto/auto-peugeot-2008-1870527.html
1875710,/newauto/auto-mercedes-benz-maybach-1875710.html
1875710,/newauto/auto-mercedes-benz-maybach-1875710.html
1860454,/newauto/auto-mercedes-benz-e-class-1860454.html
1860454,/newauto/auto-mercedes-benz-e-class-1860454.html
31614853,/auto_volkswagen_touareg_31614853.html
31614853,/auto_volkswagen_touareg_31614853.html
31940885,/auto_skoda_octavia_tour_31940885.html
31940885,/auto_skoda_octavia_tour_31940885.html
31980374,/auto_volkswagen_golf_vi_31980374.html
31980374,/auto_volkswagen_golf_vi_31980374.html
31979430,/auto_bmw_x5_31979430.html
31979430,/auto_bmw_x5_31979430.html
31979736,/auto_nissan_x_trail_31979736.html
31979736,/auto_nissan_x_trail_31979736.html
31977938,/auto_volkswagen_golf_plus_31977938.html
31977938,/auto_volkswagen_golf_plus_31977938.html
31931210,/auto_peugeot_3008_31931210.html
31931210,/auto_peugeot_3008_31931210.html
31774821,/auto_ford_fusion_31774821.html
31774821,/auto_ford_fusion_31774821.html
31843321,/auto_seat_leon_31843321.html
31843321,/auto_seat_leon_31843321.html
31910097,/auto_mercedes_benz_gls_400_31910097.html
31910097,/auto_mercedes_benz_gls_400_31910097.html
31952174,/auto_honda_accord_31952174.html
31952174,/auto_honda_accord_31952174.html
31940478,/auto_skoda_octavia_a7_31940478.html
31940478,/auto_skoda_octavia_a7_31940478.html
31582238,/auto_jcb_525_60_hi_viz_31582238.html
31582238,/auto_jcb_525_60_hi_viz_31582238.html
31589507,/auto_jcb_525_60_hi_viz_31589507.html
31589507,/auto_jcb_525_60_hi_viz_31589507.html
31915052,/auto_volkswagen_touran_31915052.html
31915052,/auto_volkswagen_touran_31915052.html
31810778,/auto_bmw_530_31810778.html
31810778,/auto_bmw_530_31810778.html
31791146,/auto_man_tgx_31791146.html
31791146,/auto_man_tgx_31791146.html
1861009,/newauto/auto-ford-kuga-1861009.html
1861009,/newauto/auto-ford-kuga-1861009.html
1879915,/newauto/auto-citroen-c3-1879915.html
1879915,/newauto/auto-citroen-c3-1879915.html
31623504,/auto_mercedes_benz_gls_400_31623504.html
31623504,/auto_mercedes_benz_gls_400_31623504.html
31983593,/auto_opel_astra_h_31983593.html
31983593,/auto_opel_astra_h_31983593.html
31979929,/auto_volkswagen_touareg_31979929.html
31979929,/auto_volkswagen_touareg_31979929.html
31433932,/auto_hyundai_tucson_31433932.html
31433932,/auto_hyundai_tucson_31433932.html
30402851,/auto_bmw_320_30402851.html
30402851,/auto_bmw_320_30402851.html
31978410,/auto_toyota_land_cruiser_200_31978410.html
31978410,/auto_toyota_land_cruiser_200_31978410.html
1879664,/newauto/auto-kia-rio-x-1879664.html
1879664,/newauto/auto-kia-rio-x-1879664.html
30478412,/auto_land_rover_range_rover_sport_30478412.html
30478412,/auto_land_rover_range_rover_sport_30478412.html
31974156,/auto_volkswagen_jetta_31974156.html
31974156,/auto_volkswagen_jetta_31974156.html
31401449,/auto_toyota_rav4_31401449.html
31401449,/auto_toyota_rav4_31401449.html
1873259,/newauto/auto-mercedes-benz-g-class-1873259.html
1873259,/newauto/auto-mercedes-benz-g-class-1873259.html
31958495,/auto_audi_a6_31958495.html
31958495,/auto_audi_a6_31958495.html
31762455,/auto_volkswagen_touareg_31762455.html
31762455,/auto_volkswagen_touareg_31762455.html
31936942,/auto_renault_megane_31936942.html
31936942,/auto_renault_megane_31936942.html
31916701,/auto_volkswagen_passat_b8_31916701.html
31916701,/auto_volkswagen_passat_b8_31916701.html
31925189,/auto_bmw_x3_31925189.html
31925189,/auto_bmw_x3_31925189.html
31924113,/auto_land_rover_discovery_sport_31924113.html
31924113,/auto_land_rover_discovery_sport_31924113.html
31917909,/auto_opel_zafira_31917909.html
31917909,/auto_opel_zafira_31917909.html
31655137,/auto_mitsubishi_outlander_31655137.html
31655137,/auto_mitsubishi_outlander_31655137.html
31708764,/auto_ford_explorer_31708764.html
31708764,/auto_ford_explorer_31708764.html
31729547,/auto_renault_megane_31729547.html
31729547,/auto_renault_megane_31729547.html
31592413,/auto_toyota_camry_31592413.html
31592413,/auto_toyota_camry_31592413.html
1879912,/newauto/auto-citroen-c3-1879912.html
1879912,/newauto/auto-citroen-c3-1879912.html
31984300,/auto_volvo_v50_31984300.html
31984300,/auto_volvo_v50_31984300.html
1859079,/newauto/auto-iveco-daily-gruz-1859079.html
1859079,/newauto/auto-iveco-daily-gruz-1859079.html
1878251,/newauto/auto-citroen-c3-1878251.html
1878251,/newauto/auto-citroen-c3-1878251.html
31983665,/auto_volkswagen_tiguan_31983665.html
31983665,/auto_volkswagen_tiguan_31983665.html
31982512,/auto_mazda_323_31982512.html
31982512,/auto_mazda_323_31982512.html
31982310,/auto_mazda_6_31982310.html
31982310,/auto_mazda_6_31982310.html
31982189,/auto_volkswagen_tiguan_31982189.html
31982189,/auto_volkswagen_tiguan_31982189.html
31834334,/auto_audi_q7_31834334.html
31834334,/auto_audi_q7_31834334.html
31981545,/auto_ford_focus_31981545.html
31981545,/auto_ford_focus_31981545.html
31981349,/auto_audi_q7_31981349.html
31981349,/auto_audi_q7_31981349.html
31980873,/auto_skoda_octavia_a5_31980873.html
31980873,/auto_skoda_octavia_a5_31980873.html
31980460,/auto_ford_focus_31980460.html
31980460,/auto_ford_focus_31980460.html
31856687,/auto_volkswagen_touareg_31856687.html
31856687,/auto_volkswagen_touareg_31856687.html
31978479,/auto_bmw_x5_31978479.html
31978479,/auto_bmw_x5_31978479.html
31854075,/auto_volkswagen_touareg_31854075.html
31854075,/auto_volkswagen_touareg_31854075.html
31976644,/auto_renault_megane_31976644.html
31976644,/auto_renault_megane_31976644.html
31976304,/auto_bmw_328_31976304.html
31976304,/auto_bmw_328_31976304.html
31523364,/auto_mercedes_benz_gls_400_31523364.html
31523364,/auto_mercedes_benz_gls_400_31523364.html
31974633,/auto_ford_focus_31974633.html
31974633,/auto_ford_focus_31974633.html
31974343,/auto_mercedes_benz_c_200_31974343.html
31974343,/auto_mercedes_benz_c_200_31974343.html
31974115,/auto_toyota_land_cruiser_prado_120_31974115.html
31974115,/auto_toyota_land_cruiser_prado_120_31974115.html
31775338,/auto_renault_megane_31775338.html
31775338,/auto_renault_megane_31775338.html
31973884,/auto_mercedes_benz_gls_400_31973884.html
31973884,/auto_mercedes_benz_gls_400_31973884.html
31786241,/auto_audi_q7_31786241.html
31786241,/auto_audi_q7_31786241.html
31972921,/auto_ford_focus_31972921.html
31972921,/auto_ford_focus_31972921.html
31972861,/auto_volkswagen_touareg_31972861.html
31972861,/auto_volkswagen_touareg_31972861.html
31668362,/auto_volkswagen_golf_iv_31668362.html
31668362,/auto_volkswagen_golf_iv_31668362.html
31971127,/auto_skoda_octavia_a5_31971127.html
31971127,/auto_skoda_octavia_a5_31971127.html
31782905,/auto_mercedes_benz_viano_31782905.html
31782905,/auto_mercedes_benz_viano_31782905.html
31964152,/auto_lexus_lx_570_31964152.html
31964152,/auto_lexus_lx_570_31964152.html
31966142,/auto_mazda_6_31966142.html
31966142,/auto_mazda_6_31966142.html
31963821,/auto_ford_explorer_31963821.html
31963821,/auto_ford_explorer_31963821.html
31964718,/auto_skoda_superb_31964718.html
31964718,/auto_skoda_superb_31964718.html
31964541,/auto_renault_megane_31964541.html
31964541,/auto_renault_megane_31964541.html
31963294,/auto_bmw_x5_31963294.html
31963294,/auto_bmw_x5_31963294.html
26642710,/auto_lexus_gs_350_26642710.html
26642710,/auto_lexus_gs_350_26642710.html
31709289,/auto_volkswagen_tiguan_31709289.html
31709289,/auto_volkswagen_tiguan_31709289.html
31821127,/auto_porsche_cayenne_31821127.html
31821127,/auto_porsche_cayenne_31821127.html
31574022,/auto_man_tgx_31574022.html
31574022,/auto_man_tgx_31574022.html
31958707,/auto_renault_megane_31958707.html
31958707,/auto_renault_megane_31958707.html
31884251,/auto_land_rover_range_rover_sport_31884251.html
31884251,/auto_land_rover_range_rover_sport_31884251.html
31772030,/auto_audi_a4_31772030.html
31772030,/auto_audi_a4_31772030.html
31955008,/auto_lexus_rx_350_31955008.html
31955008,/auto_lexus_rx_350_31955008.html
31952793,/auto_hyundai_santa_fe_31952793.html
31952793,/auto_hyundai_santa_fe_31952793.html
31896410,/auto_chery_eastar_31896410.html
31896410,/auto_chery_eastar_31896410.html
31938279,/auto_nissan_rogue_31938279.html
31938279,/auto_nissan_rogue_31938279.html
31935849,/auto_nissan_qashqai_2_31935849.html
31935849,/auto_nissan_qashqai_2_31935849.html
31922987,/auto_ford_focus_31922987.html
31922987,/auto_ford_focus_31922987.html
29342011,/auto_renault_megane_29342011.html
29342011,/auto_renault_megane_29342011.html
31920047,/auto_renault_megane_31920047.html
31920047,/auto_renault_megane_31920047.html
31708785,/auto_renault_megane_31708785.html
31708785,/auto_renault_megane_31708785.html
31003694,/auto_jcb_3cx_31003694.html
31003694,/auto_jcb_3cx_31003694.html
31399820,/auto_volkswagen_touran_31399820.html
31399820,/auto_volkswagen_touran_31399820.html
31880345,/auto_renault_megane_31880345.html
31880345,/auto_renault_megane_31880345.html
31640034,/auto_volkswagen_passat_b8_31640034.html
31640034,/auto_volkswagen_passat_b8_31640034.html
31843257,/auto_skoda_octavia_a5_31843257.html
31843257,/auto_skoda_octavia_a5_31843257.html
31823853,/auto_volkswagen_tiguan_31823853.html
31823853,/auto_volkswagen_tiguan_31823853.html
31804469,/auto_volkswagen_jetta_31804469.html
31804469,/auto_volkswagen_jetta_31804469.html
31147124,/auto_dodge_durango_31147124.html
31147124,/auto_dodge_durango_31147124.html
1879914,/newauto/auto-citroen-c3-1879914.html
1879914,/newauto/auto-citroen-c3-1879914.html
1877429,/newauto/auto-mitsubishi-eclipse-cross-1877429.html
1877429,/newauto/auto-mitsubishi-eclipse-cross-1877429.html
1879121,/newauto/auto-mitsubishi-asx-1879121.html
1879121,/newauto/auto-mitsubishi-asx-1879121.html
1878520,/newauto/auto-suzuki-vitara-1878520.html
1878520,/newauto/auto-suzuki-vitara-1878520.html
1879045,/newauto/auto-mitsubishi-outlander-1879045.html
1879045,/newauto/auto-mitsubishi-outlander-1879045.html
31982238,/auto_nissan_leaf_31982238.html
31982238,/auto_nissan_leaf_31982238.html
31980743,/auto_skoda_fabia_31980743.html
31980743,/auto_skoda_fabia_31980743.html
31980369,/auto_audi_a4_31980369.html
31980369,/auto_audi_a4_31980369.html
31692495,/auto_skoda_octavia_a7_31692495.html
31692495,/auto_skoda_octavia_a7_31692495.html
31978446,/auto_volkswagen_polo_31978446.html
31978446,/auto_volkswagen_polo_31978446.html
31794304,/auto_honda_accord_31794304.html
31794304,/auto_honda_accord_31794304.html
27658365,/auto_hyundai_elantra_27658365.html
27658365,/auto_hyundai_elantra_27658365.html
31783524,/auto_skoda_fabia_31783524.html
31783524,/auto_skoda_fabia_31783524.html
31963494,/auto_mercedes_benz_ml_350_31963494.html
31963494,/auto_mercedes_benz_ml_350_31963494.html
31787856,/auto_volkswagen_golf_vi_31787856.html
31787856,/auto_volkswagen_golf_vi_31787856.html
31454687,/auto_mercedes_benz_gle_350_31454687.html
31454687,/auto_mercedes_benz_gle_350_31454687.html
31951588,/auto_honda_civic_31951588.html
31951588,/auto_honda_civic_31951588.html
31942638,/auto_ford_fiesta_31942638.html
31942638,/auto_ford_fiesta_31942638.html
31585333,/auto_jcb_535_95_31585333.html
31585333,/auto_jcb_535_95_31585333.html
31570174,/auto_jcb_535_95_31570174.html
31570174,/auto_jcb_535_95_31570174.html
31577962,/auto_jcb_535_95_31577962.html
31577962,/auto_jcb_535_95_31577962.html
31577908,/auto_jcb_535_95_31577908.html
31577908,/auto_jcb_535_95_31577908.html
31435649,/auto_jcb_535_95_31435649.html
31435649,/auto_jcb_535_95_31435649.html
31197288,/auto_jeep_grand_cherokee_31197288.html
31197288,/auto_jeep_grand_cherokee_31197288.html
29055299,/auto_volkswagen_cc_29055299.html
29055299,/auto_volkswagen_cc_29055299.html
31473624,/auto_kia_sorento_31473624.html
31473624,/auto_kia_sorento_31473624.html
31856126,/auto_opel_vectra_c_31856126.html
31856126,/auto_opel_vectra_c_31856126.html
31629700,/auto_bmw_530_31629700.html
31629700,/auto_bmw_530_31629700.html
31822745,/auto_jcb_535_95_31822745.html
31822745,/auto_jcb_535_95_31822745.html
1879913,/newauto/auto-citroen-c3-aircross-1879913.html
1879913,/newauto/auto-citroen-c3-aircross-1879913.html
1879909,/newauto/auto-jaguar-f-pace-1879909.html
1879909,/newauto/auto-jaguar-f-pace-1879909.html
1879911,/newauto/auto-jaguar-f-pace-1879911.html
1879911,/newauto/auto-jaguar-f-pace-1879911.html
1879916,/newauto/auto-citroen-c3-aircross-1879916.html
1879916,/newauto/auto-citroen-c3-aircross-1879916.html
1878632,/newauto/auto-ford-kuga-1878632.html
1878632,/newauto/auto-ford-kuga-1878632.html
1869436,/newauto/auto-mercedes-benz-s-class-1869436.html
1869436,/newauto/auto-mercedes-benz-s-class-1869436.html
1871036,/newauto/auto-volvo-xc60-1871036.html
1871036,/newauto/auto-volvo-xc60-1871036.html
1879907,/newauto/auto-jaguar-f-pace-1879907.html
1879907,/newauto/auto-jaguar-f-pace-1879907.html
1875189,/newauto/auto-nissan-x-trail-1875189.html
1875189,/newauto/auto-nissan-x-trail-1875189.html
31976878,/auto_volkswagen_tiguan_31976878.html
31976878,/auto_volkswagen_tiguan_31976878.html
31976256,/auto_alfa_romeo_giulietta_31976256.html
31976256,/auto_alfa_romeo_giulietta_31976256.html
31805976,/auto_toyota_camry_31805976.html
31805976,/auto_toyota_camry_31805976.html
31894862,/auto_hyundai_accent_31894862.html
31894862,/auto_hyundai_accent_31894862.html
28946282,/auto_renault_grand_scenic_28946282.html
28946282,/auto_renault_grand_scenic_28946282.html
31969238,/auto_renault_scenic_31969238.html
31969238,/auto_renault_scenic_31969238.html
31968926,/auto_chevrolet_cruze_31968926.html
31968926,/auto_chevrolet_cruze_31968926.html
1847420,/newauto/auto-mercedes-benz-gle-class-1847420.html
1847420,/newauto/auto-mercedes-benz-gle-class-1847420.html
31968535,/auto_land_rover_discovery_sport_31968535.html
31968535,/auto_land_rover_discovery_sport_31968535.html
31804617,/auto_nissan_rogue_31804617.html
31804617,/auto_nissan_rogue_31804617.html
31740716,/auto_toyota_land_cruiser_200_31740716.html
31740716,/auto_toyota_land_cruiser_200_31740716.html
31779584,/auto_mercedes_benz_gle_350_31779584.html
31779584,/auto_mercedes_benz_gle_350_31779584.html
31952922,/auto_man_tgx_31952922.html
31952922,/auto_man_tgx_31952922.html
31945953,/auto_renault_megane_scenic_31945953.html
31945953,/auto_renault_megane_scenic_31945953.html
31930452,/auto_daewoo_lanos_31930452.html
31930452,/auto_daewoo_lanos_31930452.html
31925132,/auto_hyundai_santa_fe_31925132.html
31925132,/auto_hyundai_santa_fe_31925132.html
31901431,/auto_volkswagen_passat_b6_31901431.html
31901431,/auto_volkswagen_passat_b6_31901431.html
30664488,/auto_mitsubishi_outlander_30664488.html
30664488,/auto_mitsubishi_outlander_30664488.html
31857138,/auto_kia_sportage_31857138.html
31857138,/auto_kia_sportage_31857138.html
31829694,/auto_honda_accord_31829694.html
31829694,/auto_honda_accord_31829694.html
31651686,/auto_porsche_cayenne_31651686.html
31651686,/auto_porsche_cayenne_31651686.html
30574580,/auto_bmw_x5_30574580.html
30574580,/auto_bmw_x5_30574580.html
1872632,/newauto/auto-mercedes-benz-gle-class-1872632.html
1872632,/newauto/auto-mercedes-benz-gle-class-1872632.html
1878433,/newauto/auto-mercedes-benz-amg-gt-1878433.html
1878433,/newauto/auto-mercedes-benz-amg-gt-1878433.html
1862624,/newauto/auto-mercedes-benz-e-class-1862624.html
1862624,/newauto/auto-mercedes-benz-e-class-1862624.html
1879522,/newauto/auto-citroen-c-elysee-1879522.html
1879522,/newauto/auto-citroen-c-elysee-1879522.html
1860557,/newauto/auto-ds-7-crossback-1860557.html
1860557,/newauto/auto-ds-7-crossback-1860557.html
1869592,/newauto/auto-mercedes-benz-gle-class-1869592.html
1869592,/newauto/auto-mercedes-benz-gle-class-1869592.html
1879488,/newauto/auto-citroen-c3-1879488.html
1879488,/newauto/auto-citroen-c3-1879488.html
1879050,/newauto/auto-mercedes-benz-amg-gt-1879050.html
1879050,/newauto/auto-mercedes-benz-amg-gt-1879050.html
1872940,/newauto/auto-alfa-romeo-stelvio-1872940.html
1872940,/newauto/auto-alfa-romeo-stelvio-1872940.html
1879147,/newauto/auto-mazda-6-1879147.html
1879147,/newauto/auto-mazda-6-1879147.html
1878431,/newauto/auto-citroen-c3-1878431.html
1878431,/newauto/auto-citroen-c3-1878431.html
1872674,/newauto/auto-mercedes-benz-gls-class-1872674.html
1872674,/newauto/auto-mercedes-benz-gls-class-1872674.html
31790292,/auto_mazda_cx_5_31790292.html
31790292,/auto_mazda_cx_5_31790292.html
31981976,/auto_skoda_octavia_a5_31981976.html
31981976,/auto_skoda_octavia_a5_31981976.html
31978260,/auto_renault_clio_31978260.html
31978260,/auto_renault_clio_31978260.html
31795759,/auto_bmw_730_31795759.html
31795759,/auto_bmw_730_31795759.html
31974383,/auto_skoda_octavia_a7_31974383.html
31974383,/auto_skoda_octavia_a7_31974383.html
31975488,/auto_renault_megane_31975488.html
31975488,/auto_renault_megane_31975488.html
31974210,/auto_nissan_rogue_31974210.html
31974210,/auto_nissan_rogue_31974210.html
31974049,/auto_bmw_328_31974049.html
31974049,/auto_bmw_328_31974049.html
31973826,/auto_land_rover_range_rover_sport_31973826.html
31973826,/auto_land_rover_range_rover_sport_31973826.html
31963372,/auto_lexus_gs_300_31963372.html
31963372,/auto_lexus_gs_300_31963372.html
1878151,/newauto/auto-kia-sportage-1878151.html
1878151,/newauto/auto-kia-sportage-1878151.html
31967574,/auto_mitsubishi_pajero_31967574.html
31967574,/auto_mitsubishi_pajero_31967574.html
30724941,/auto_ford_explorer_30724941.html
30724941,/auto_ford_explorer_30724941.html
31963146,/auto_nissan_qashqai_31963146.html
31963146,/auto_nissan_qashqai_31963146.html
31933919,/auto_mercedes_benz_viano_31933919.html
31933919,/auto_mercedes_benz_viano_31933919.html
31778267,/auto_toyota_land_cruiser_200_31778267.html
31778267,/auto_toyota_land_cruiser_200_31778267.html
30989152,/auto_mercedes_benz_s_63_amg_30989152.html
30989152,/auto_mercedes_benz_s_63_amg_30989152.html
31647838,/auto_mercedes_benz_sprinter_313_pass_31647838.html
31647838,/auto_mercedes_benz_sprinter_313_pass_31647838.html
31810563,/auto_skoda_octavia_a7_31810563.html
31810563,/auto_skoda_octavia_a7_31810563.html
1857517,/newauto/auto-suzuki-vitara-1857517.html
1857517,/newauto/auto-suzuki-vitara-1857517.html
31814079,/auto_citroen_grand_c4_picasso_31814079.html
31814079,/auto_citroen_grand_c4_picasso_31814079.html
31801539,/auto_volkswagen_jetta_31801539.html
31801539,/auto_volkswagen_jetta_31801539.html
31929910,/auto_opel_astra_j_31929910.html
31929910,/auto_opel_astra_j_31929910.html
31723416,/auto_nissan_note_31723416.html
31723416,/auto_nissan_note_31723416.html
31586122,/auto_kia_sportage_31586122.html
31586122,/auto_kia_sportage_31586122.html
31359974,/auto_porsche_cayenne_31359974.html
31359974,/auto_porsche_cayenne_31359974.html
31434255,/auto_toyota_02_8fgf15_31434255.html
31434255,/auto_toyota_02_8fgf15_31434255.html
31867267,/auto_volkswagen_passat_b8_31867267.html
31867267,/auto_volkswagen_passat_b8_31867267.html
31847876,/auto_land_rover_range_rover_sport_31847876.html
31847876,/auto_land_rover_range_rover_sport_31847876.html
31412431,/auto_audi_a4_31412431.html
31412431,/auto_audi_a4_31412431.html
31839510,/auto_volkswagen_jetta_31839510.html
31839510,/auto_volkswagen_jetta_31839510.html
26078596,/auto_skoda_superb_26078596.html
26078596,/auto_skoda_superb_26078596.html
31779509,/auto_skoda_superb_31779509.html
31779509,/auto_skoda_superb_31779509.html
31593425,/auto_ford_fiesta_31593425.html
31593425,/auto_ford_fiesta_31593425.html
31678969,/auto_audi_a8_31678969.html
31678969,/auto_audi_a8_31678969.html
31705890,/auto_mercedes_benz_s_500_31705890.html
31705890,/auto_mercedes_benz_s_500_31705890.html
31724208,/auto_tesla_model_x_31724208.html
31724208,/auto_tesla_model_x_31724208.html
1873264,/newauto/auto-mitsubishi-eclipse-cross-1873264.html
1873264,/newauto/auto-mitsubishi-eclipse-cross-1873264.html
1879716,/newauto/auto-subaru-xv-1879716.html
1879716,/newauto/auto-subaru-xv-1879716.html
1878816,/newauto/auto-peugeot-508-1878816.html
1878816,/newauto/auto-peugeot-508-1878816.html
1872851,/newauto/auto-chevrolet-cobalt-1872851.html
1872851,/newauto/auto-chevrolet-cobalt-1872851.html
1879906,/newauto/auto-jaguar-f-pace-1879906.html
1879906,/newauto/auto-jaguar-f-pace-1879906.html
1816160,/newauto/auto-minidiger-md-3-1816160.html
1816160,/newauto/auto-minidiger-md-3-1816160.html
1877540,/newauto/auto-mercedes-benz-s-class-1877540.html
1877540,/newauto/auto-mercedes-benz-s-class-1877540.html
1868757,/newauto/auto-ds-7-crossback-1868757.html
1868757,/newauto/auto-ds-7-crossback-1868757.html
1872896,/newauto/auto-citroen-c3-1872896.html
1872896,/newauto/auto-citroen-c3-1872896.html
1877656,/newauto/auto-jaguar-i-pace-1877656.html
1877656,/newauto/auto-jaguar-i-pace-1877656.html
1879797,/newauto/auto-subaru-outback-1879797.html
1879797,/newauto/auto-subaru-outback-1879797.html
1860541,/newauto/auto-ds-7-crossback-1860541.html
1860541,/newauto/auto-ds-7-crossback-1860541.html
28660201,/auto_land_rover_range_rover_sport_28660201.html
28660201,/auto_land_rover_range_rover_sport_28660201.html
31980214,/auto_peugeot_308_sw_31980214.html
31980214,/auto_peugeot_308_sw_31980214.html
31980196,/auto_volkswagen_golf_vi_31980196.html
31980196,/auto_volkswagen_golf_vi_31980196.html
31978373,/auto_volvo_xc90_31978373.html
31978373,/auto_volvo_xc90_31978373.html
31977913,/auto_nissan_rogue_31977913.html
31977913,/auto_nissan_rogue_31977913.html
31879039,/auto_bmw_x6_31879039.html
31879039,/auto_bmw_x6_31879039.html
31450259,/auto_ford_focus_31450259.html
31450259,/auto_ford_focus_31450259.html
31974838,/auto_audi_q7_31974838.html
31974838,/auto_audi_q7_31974838.html
31974758,/auto_audi_a4_31974758.html
31974758,/auto_audi_a4_31974758.html
31974698,/auto_kia_ceed_31974698.html
31974698,/auto_kia_ceed_31974698.html
31835698,/auto_volkswagen_golf_vii_31835698.html
31835698,/auto_volkswagen_golf_vii_31835698.html
31761420,/auto_volkswagen_polo_31761420.html
31761420,/auto_volkswagen_polo_31761420.html
31761906,/auto_opel_zafira_31761906.html
31761906,/auto_opel_zafira_31761906.html
31761740,/auto_bmw_316_31761740.html
31761740,/auto_bmw_316_31761740.html
31753292,/auto_volkswagen_passat_b6_31753292.html
31753292,/auto_volkswagen_passat_b6_31753292.html
31863515,/auto_opel_astra_j_31863515.html
31863515,/auto_opel_astra_j_31863515.html
31828022,/auto_audi_a4_allroad_31828022.html
31828022,/auto_audi_a4_allroad_31828022.html
31791621,/auto_bmw_320_31791621.html
31791621,/auto_bmw_320_31791621.html
31917931,/auto_volvo_s60_31917931.html
31917931,/auto_volvo_s60_31917931.html
31917990,/auto_mazda_6_31917990.html
31917990,/auto_mazda_6_31917990.html
31947692,/auto_kia_sorento_31947692.html
31947692,/auto_kia_sorento_31947692.html
31973180,/auto_kia_carens_31973180.html
31973180,/auto_kia_carens_31973180.html
31878691,/auto_fiat_bravo_31878691.html
31878691,/auto_fiat_bravo_31878691.html
31973135,/auto_citroen_c4_picasso_31973135.html
31973135,/auto_citroen_c4_picasso_31973135.html
31974038,/auto_ford_fusion_31974038.html
31974038,/auto_ford_fusion_31974038.html
31877992,/auto_ford_focus_31877992.html
31877992,/auto_ford_focus_31877992.html
31858440,/auto_fiat_panda_31858440.html
31858440,/auto_fiat_panda_31858440.html
31973014,/auto_volkswagen_touareg_31973014.html
31973014,/auto_volkswagen_touareg_31973014.html
31672119,/auto_nissan_leaf_31672119.html
31672119,/auto_nissan_leaf_31672119.html
31970662,/auto_hyundai_sonata_31970662.html
31970662,/auto_hyundai_sonata_31970662.html
31969730,/auto_subaru_legacy_31969730.html
31969730,/auto_subaru_legacy_31969730.html
31969245,/auto_skoda_octavia_tour_31969245.html
31969245,/auto_skoda_octavia_tour_31969245.html
1859413,/newauto/auto-mazda-cx-3-1859413.html
1859413,/newauto/auto-mazda-cx-3-1859413.html
31904669,/auto_volkswagen_passat_b8_31904669.html
31904669,/auto_volkswagen_passat_b8_31904669.html
31959260,/auto_nissan_qashqai_31959260.html
31959260,/auto_nissan_qashqai_31959260.html
31958355,/auto_hyundai_accent_31958355.html
31958355,/auto_hyundai_accent_31958355.html
31752066,/auto_bmw_730_31752066.html
31752066,/auto_bmw_730_31752066.html
31952531,/auto_bmw_x5_31952531.html
31952531,/auto_bmw_x5_31952531.html
31951670,/auto_opel_zafira_31951670.html
31951670,/auto_opel_zafira_31951670.html
31948308,/auto_ford_focus_31948308.html
31948308,/auto_ford_focus_31948308.html
31947316,/auto_bmw_x5_31947316.html
31947316,/auto_bmw_x5_31947316.html
31787868,/auto_mercedes_benz_e_400_31787868.html
31787868,/auto_mercedes_benz_e_400_31787868.html
31946616,/auto_volkswagen_passat_b7_31946616.html
31946616,/auto_volkswagen_passat_b7_31946616.html
31797808,/auto_jeep_renegade_31797808.html
31797808,/auto_jeep_renegade_31797808.html
31936179,/auto_jeep_renegade_31936179.html
31936179,/auto_jeep_renegade_31936179.html
31530426,/auto_caterpillar_ep_31530426.html
31530426,/auto_caterpillar_ep_31530426.html
31922876,/auto_toyota_camry_31922876.html
31922876,/auto_toyota_camry_31922876.html
25323407,/auto_jcb_js_220_25323407.html
25323407,/auto_jcb_js_220_25323407.html
31918316,/auto_vaz_2107_31918316.html
31918316,/auto_vaz_2107_31918316.html
31861072,/auto_renault_grand_scenic_31861072.html
31861072,/auto_renault_grand_scenic_31861072.html
31686135,/auto_volkswagen_tiguan_31686135.html
31686135,/auto_volkswagen_tiguan_31686135.html
31904710,/auto_bmw_530_31904710.html
31904710,/auto_bmw_530_31904710.html
31704118,/auto_ford_fusion_31704118.html
31704118,/auto_ford_fusion_31704118.html
31433029,/auto_toyota_fg_31433029.html
31433029,/auto_toyota_fg_31433029.html
31882489,/auto_renault_duster_31882489.html
31882489,/auto_renault_duster_31882489.html
31595600,/auto_opel_vectra_c_31595600.html
31595600,/auto_opel_vectra_c_31595600.html
31863533,/auto_audi_q3_31863533.html
31863533,/auto_audi_q3_31863533.html
31814101,/auto_mitsubishi_lancer_31814101.html
31814101,/auto_mitsubishi_lancer_31814101.html
31587867,/auto_mazda_6_31587867.html
31587867,/auto_mazda_6_31587867.html
31829329,/auto_bmw_x6_31829329.html
31829329,/auto_bmw_x6_31829329.html
31160828,/auto_honda_civic_31160828.html
31160828,/auto_honda_civic_31160828.html
1879158,/newauto/auto-jaguar-xe-1879158.html
1879158,/newauto/auto-jaguar-xe-1879158.html
1869123,/newauto/auto-mercedes-benz-s-class-1869123.html
1869123,/newauto/auto-mercedes-benz-s-class-1869123.html
1875208,/newauto/auto-mercedes-benz-glc-class-1875208.html
1875208,/newauto/auto-mercedes-benz-glc-class-1875208.html
1869647,/newauto/auto-volvo-v60-1869647.html
1869647,/newauto/auto-volvo-v60-1869647.html
1863835,/newauto/auto-alfa-romeo-giulia-1863835.html
1863835,/newauto/auto-alfa-romeo-giulia-1863835.html
1871768,/newauto/auto-haval-h6-1871768.html
1871768,/newauto/auto-haval-h6-1871768.html
1879719,/newauto/auto-alfa-romeo-stelvio-1879719.html
1879719,/newauto/auto-alfa-romeo-stelvio-1879719.html
1873156,/newauto/auto-bmw-ix-1873156.html
1873156,/newauto/auto-bmw-ix-1873156.html
1816165,/newauto/auto-minidiger-md-4-1816165.html
1816165,/newauto/auto-minidiger-md-4-1816165.html
1872654,/newauto/auto-suzuki-sx4-1872654.html
1872654,/newauto/auto-suzuki-sx4-1872654.html
1879381,/newauto/auto-land-rover-range-rover-velar-1879381.html
1879381,/newauto/auto-land-rover-range-rover-velar-1879381.html
1816166,/newauto/auto-minidiger-mars-400-1816166.html
1816166,/newauto/auto-minidiger-mars-400-1816166.html
1873147,/newauto/auto-peugeot-301-1873147.html
1873147,/newauto/auto-peugeot-301-1873147.html
1879265,/newauto/auto-opel-mokka-1879265.html
1879265,/newauto/auto-opel-mokka-1879265.html
1856769,/newauto/auto-mitsubishi-outlander-1856769.html
1856769,/newauto/auto-mitsubishi-outlander-1856769.html
1875707,/newauto/auto-mercedes-benz-cla-class-1875707.html
1875707,/newauto/auto-mercedes-benz-cla-class-1875707.html
1878543,/newauto/auto-jaguar-xf-1878543.html
1878543,/newauto/auto-jaguar-xf-1878543.html
1879917,/newauto/auto-citroen-jumpy-gruz-1879917.html
1879917,/newauto/auto-citroen-jumpy-gruz-1879917.html
30702574,/auto_citroen_grand_c4_picasso_30702574.html
30702574,/auto_citroen_grand_c4_picasso_30702574.html
30406428,/auto_land_rover_range_rover_sport_30406428.html
30406428,/auto_land_rover_range_rover_sport_30406428.html
31113328,/auto_opel_astra_j_31113328.html
31113328,/auto_opel_astra_j_31113328.html
31981265,/auto_ford_kuga_31981265.html
31981265,/auto_ford_kuga_31981265.html
31163066,/auto_bmw_x5_31163066.html
31163066,/auto_bmw_x5_31163066.html
31607238,/auto_renault_master_gruz_31607238.html
31607238,/auto_renault_master_gruz_31607238.html
31978615,/auto_opel_zafira_31978615.html
31978615,/auto_opel_zafira_31978615.html
31478699,/auto_audi_a8_31478699.html
31478699,/auto_audi_a8_31478699.html
31978494,/auto_bmw_x5_31978494.html
31978494,/auto_bmw_x5_31978494.html
31807880,/auto_jeep_renegade_31807880.html
31807880,/auto_jeep_renegade_31807880.html
31978893,/auto_ford_focus_31978893.html
31978893,/auto_ford_focus_31978893.html
31978685,/auto_mazda_6_31978685.html
31978685,/auto_mazda_6_31978685.html
31978670,/auto_toyota_rav4_31978670.html
31978670,/auto_toyota_rav4_31978670.html
31548755,/auto_renault_master_gruz_31548755.html
31548755,/auto_renault_master_gruz_31548755.html
31977094,/auto_mazda_3_31977094.html
31977094,/auto_mazda_3_31977094.html
31976234,/auto_renault_megane_scenic_31976234.html
31976234,/auto_renault_megane_scenic_31976234.html
31941202,/auto_lexus_es_350_31941202.html
31941202,/auto_lexus_es_350_31941202.html
31974392,/auto_renault_megane_scenic_31974392.html
31974392,/auto_renault_megane_scenic_31974392.html
31973320,/auto_nissan_x_trail_31973320.html
31973320,/auto_nissan_x_trail_31973320.html
31778462,/auto_bmw_428_31778462.html
31778462,/auto_bmw_428_31778462.html
31803408,/auto_dodge_journey_31803408.html
31803408,/auto_dodge_journey_31803408.html
31972015,/auto_bmw_x5_31972015.html
31972015,/auto_bmw_x5_31972015.html
31971478,/auto_audi_a6_31971478.html
31971478,/auto_audi_a6_31971478.html
31970176,/auto_renault_megane_31970176.html
31970176,/auto_renault_megane_31970176.html
31967561,/auto_bmw_530_31967561.html
31967561,/auto_bmw_530_31967561.html
1833674,/newauto/auto-mercedes-benz-eqc-1833674.html
1833674,/newauto/auto-mercedes-benz-eqc-1833674.html
31915531,/auto_hyundai_accent_31915531.html
31915531,/auto_hyundai_accent_31915531.html
31967462,/auto_land_rover_range_rover_sport_31967462.html
31967462,/auto_land_rover_range_rover_sport_31967462.html
31966950,/auto_hyundai_ix35_31966950.html
31966950,/auto_hyundai_ix35_31966950.html
31623182,/auto_volkswagen_tiguan_31623182.html
31623182,/auto_volkswagen_tiguan_31623182.html
31898554,/auto_kia_ceed_31898554.html
31898554,/auto_kia_ceed_31898554.html
31962463,/auto_ford_fusion_31962463.html
31962463,/auto_ford_fusion_31962463.html
31960861,/auto_skoda_octavia_a5_31960861.html
31960861,/auto_skoda_octavia_a5_31960861.html
31858592,/auto_audi_q7_31858592.html
31858592,/auto_audi_q7_31858592.html
31958965,/auto_renault_megane_31958965.html
31958965,/auto_renault_megane_31958965.html
31958180,/auto_mercedes_benz_gl_450_31958180.html
31958180,/auto_mercedes_benz_gl_450_31958180.html
28691337,/auto_volkswagen_routan_28691337.html
28691337,/auto_volkswagen_routan_28691337.html
31954864,/auto_audi_q7_31954864.html
31954864,/auto_audi_q7_31954864.html
31953393,/auto_ford_fusion_31953393.html
31953393,/auto_ford_fusion_31953393.html
31525181,/auto_mercedes_benz_ml_350_31525181.html
31525181,/auto_mercedes_benz_ml_350_31525181.html
31951257,/auto_volkswagen_passat_b7_31951257.html
31951257,/auto_volkswagen_passat_b7_31951257.html
31949659,/auto_kia_optima_31949659.html
31949659,/auto_kia_optima_31949659.html
31942334,/auto_ford_fusion_31942334.html
31942334,/auto_ford_fusion_31942334.html
31941675,/auto_volkswagen_passat_b7_31941675.html
31941675,/auto_volkswagen_passat_b7_31941675.html
31941421,/auto_mitsubishi_outlander_31941421.html
31941421,/auto_mitsubishi_outlander_31941421.html
31728930,/auto_kia_sportage_31728930.html
31728930,/auto_kia_sportage_31728930.html
31189858,/auto_volkswagen_golf_vii_31189858.html
31189858,/auto_volkswagen_golf_vii_31189858.html
30498741,/auto_sumitomo_fg_30498741.html
30498741,/auto_sumitomo_fg_30498741.html
31935014,/auto_kia_sportage_31935014.html
31935014,/auto_kia_sportage_31935014.html
29383277,/auto_hyundai_santa_fe_29383277.html
29383277,/auto_hyundai_santa_fe_29383277.html
31933590,/auto_mazda_cx_5_31933590.html
31933590,/auto_mazda_cx_5_31933590.html
31671894,/auto_jcb_531_70_31671894.html
31671894,/auto_jcb_531_70_31671894.html
31671835,/auto_jcb_531_70_31671835.html
31671835,/auto_jcb_531_70_31671835.html
31599531,/auto_volvo_ew_140c_31599531.html
31599531,/auto_volvo_ew_140c_31599531.html
31817159,/auto_lexus_lx_570_31817159.html
31817159,/auto_lexus_lx_570_31817159.html
31921565,/auto_renault_master_gruz_31921565.html
31921565,/auto_renault_master_gruz_31921565.html
31920386,/auto_audi_q3_31920386.html
31920386,/auto_audi_q3_31920386.html
31919249,/auto_skoda_superb_31919249.html
31919249,/auto_skoda_superb_31919249.html
31910192,/auto_bmw_530_31910192.html
31910192,/auto_bmw_530_31910192.html
31708828,/auto_mercedes_benz_e_200_31708828.html
31708828,/auto_mercedes_benz_e_200_31708828.html
31899718,/auto_nissan_rogue_31899718.html
31899718,/auto_nissan_rogue_31899718.html
31899207,/auto_toyota_corolla_31899207.html
31899207,/auto_toyota_corolla_31899207.html
30262625,/auto_hyundai_accent_30262625.html
30262625,/auto_hyundai_accent_30262625.html
31897436,/auto_skoda_superb_31897436.html
31897436,/auto_skoda_superb_31897436.html
31895853,/auto_volkswagen_passat_b7_31895853.html
31895853,/auto_volkswagen_passat_b7_31895853.html
31892796,/auto_renault_master_gruz_31892796.html
31892796,/auto_renault_master_gruz_31892796.html
31892384,/auto_volkswagen_passat_b7_31892384.html
31892384,/auto_volkswagen_passat_b7_31892384.html
31744185,/auto_land_rover_range_rover_sport_31744185.html
31744185,/auto_land_rover_range_rover_sport_31744185.html
29866230,/auto_ford_focus_29866230.html
29866230,/auto_ford_focus_29866230.html
30022718,/auto_mercedes_benz_gle_63_30022718.html
30022718,/auto_mercedes_benz_gle_63_30022718.html
31842421,/auto_jeep_compass_31842421.html
31842421,/auto_jeep_compass_31842421.html
31618336,/auto_land_rover_range_rover_31618336.html
31618336,/auto_land_rover_range_rover_31618336.html
31510150,/auto_toyota_avalon_31510150.html
31510150,/auto_toyota_avalon_31510150.html
31827383,/auto_toyota_c_hr_31827383.html
31827383,/auto_toyota_c_hr_31827383.html
31824475,/auto_hyundai_ix35_31824475.html
31824475,/auto_hyundai_ix35_31824475.html
31819540,/auto_acura_mdx_31819540.html
31819540,/auto_acura_mdx_31819540.html
1871393,/newauto/auto-nissan-x-trail-1871393.html
1871393,/newauto/auto-nissan-x-trail-1871393.html
1878307,/newauto/auto-suzuki-ignis-1878307.html
1878307,/newauto/auto-suzuki-ignis-1878307.html
1785585,/newauto/auto-infiniti-qx50-1785585.html
1785585,/newauto/auto-infiniti-qx50-1785585.html
1879296,/newauto/auto-renault-captur-1879296.html
1879296,/newauto/auto-renault-captur-1879296.html
1875724,/newauto/auto-porsche-cayenne-1875724.html
1875724,/newauto/auto-porsche-cayenne-1875724.html
1878262,/newauto/auto-hyundai-tucson-1878262.html
1878262,/newauto/auto-hyundai-tucson-1878262.html
1878361,/newauto/auto-citroen-c3-1878361.html
1878361,/newauto/auto-citroen-c3-1878361.html
1879376,/newauto/auto-audi-e-tron-gt-1879376.html
1879376,/newauto/auto-audi-e-tron-gt-1879376.html
1879435,/newauto/auto-lada-vesta-1879435.html
1879435,/newauto/auto-lada-vesta-1879435.html
1879041,/newauto/auto-mg-hs-1879041.html
1879041,/newauto/auto-mg-hs-1879041.html
1864488,/newauto/auto-citroen-c3-aircross-1864488.html
1864488,/newauto/auto-citroen-c3-aircross-1864488.html
1869598,/newauto/auto-mercedes-benz-gls-class-1869598.html
1869598,/newauto/auto-mercedes-benz-gls-class-1869598.html
1860045,/newauto/auto-chery-tiggo-7-pro-1860045.html
1860045,/newauto/auto-chery-tiggo-7-pro-1860045.html
1878406,/newauto/auto-ford-puma-1878406.html
1878406,/newauto/auto-ford-puma-1878406.html
1877002,/newauto/auto-mercedes-benz-e-class-1877002.html
1877002,/newauto/auto-mercedes-benz-e-class-1877002.html
1871712,/newauto/auto-citroen-c3-1871712.html
1871712,/newauto/auto-citroen-c3-1871712.html
1876618,/newauto/auto-volvo-xc60-1876618.html
1876618,/newauto/auto-volvo-xc60-1876618.html
1869215,/newauto/auto-chery-tiggo-4-1869215.html
1869215,/newauto/auto-chery-tiggo-4-1869215.html
1870127,/newauto/auto-jaguar-i-pace-1870127.html
1870127,/newauto/auto-jaguar-i-pace-1870127.html
1879523,/newauto/auto-great-wall-wingle-1879523.html
1879523,/newauto/auto-great-wall-wingle-1879523.html
1867985,/newauto/auto-porsche-911-1867985.html
1867985,/newauto/auto-porsche-911-1867985.html
1879281,/newauto/auto-peugeot-3008-1879281.html
1879281,/newauto/auto-peugeot-3008-1879281.html
1867993,/newauto/auto-porsche-taycan-1867993.html
1867993,/newauto/auto-porsche-taycan-1867993.html
1867068,/newauto/auto-iveco-daily-gruz-1867068.html
1867068,/newauto/auto-iveco-daily-gruz-1867068.html
31982401,/auto_toyota_avensis_31982401.html
31982401,/auto_toyota_avensis_31982401.html
31982277,/auto_skoda_octavia_a7_31982277.html
31982277,/auto_skoda_octavia_a7_31982277.html
31981690,/auto_volkswagen_golf_v_31981690.html
31981690,/auto_volkswagen_golf_v_31981690.html
31981645,/auto_tesla_model_s_31981645.html
31981645,/auto_tesla_model_s_31981645.html
31980748,/auto_bmw_x6_31980748.html
31980748,/auto_bmw_x6_31980748.html
31980692,/auto_infiniti_q50_31980692.html
31980692,/auto_infiniti_q50_31980692.html
31888557,/auto_opel_vivaro_pass_31888557.html
31888557,/auto_opel_vivaro_pass_31888557.html
31977493,/auto_volkswagen_touareg_31977493.html
31977493,/auto_volkswagen_touareg_31977493.html
1879266,/newauto/auto-kia-rio-x-1879266.html
1879266,/newauto/auto-kia-rio-x-1879266.html
1879662,/newauto/auto-kia-rio-x-1879662.html
1879662,/newauto/auto-kia-rio-x-1879662.html
31976333,/auto_toyota_rav4_31976333.html
31976333,/auto_toyota_rav4_31976333.html
31973397,/auto_land_rover_range_rover_sport_31973397.html
31973397,/auto_land_rover_range_rover_sport_31973397.html
31971523,/auto_toyota_rav4_31971523.html
31971523,/auto_toyota_rav4_31971523.html
31971284,/auto_volvo_xc90_31971284.html
31971284,/auto_volvo_xc90_31971284.html
1867047,/newauto/auto-mitsubishi-l-200-1867047.html
1867047,/newauto/auto-mitsubishi-l-200-1867047.html
1858217,/newauto/auto-mercedes-benz-eqc-1858217.html
1858217,/newauto/auto-mercedes-benz-eqc-1858217.html
1833677,/newauto/auto-mercedes-benz-eqc-1833677.html
1833677,/newauto/auto-mercedes-benz-eqc-1833677.html
31968266,/auto_mercedes_benz_vito_111_31968266.html
31968266,/auto_mercedes_benz_vito_111_31968266.html
1833676,/newauto/auto-mercedes-benz-eqc-1833676.html
1833676,/newauto/auto-mercedes-benz-eqc-1833676.html
31707708,/auto_porsche_macan_31707708.html
31707708,/auto_porsche_macan_31707708.html
1875499,/newauto/auto-hongqi-e-hs9-1875499.html
1875499,/newauto/auto-hongqi-e-hs9-1875499.html
1877601,/newauto/auto-baic-x55-1877601.html
1877601,/newauto/auto-baic-x55-1877601.html
1877368,/newauto/auto-baic-x7-1877368.html
1877368,/newauto/auto-baic-x7-1877368.html
1877517,/newauto/auto-baic-bj-40-1877517.html
1877517,/newauto/auto-baic-bj-40-1877517.html
1877623,/newauto/auto-baic-bj-80-1877623.html
1877623,/newauto/auto-baic-bj-80-1877623.html
31894953,/auto_skoda_octavia_a7_31894953.html
31894953,/auto_skoda_octavia_a7_31894953.html
31764102,/auto_tesla_model_3_31764102.html
31764102,/auto_tesla_model_3_31764102.html
31304103,/auto_citroen_grand_c4_picasso_31304103.html
31304103,/auto_citroen_grand_c4_picasso_31304103.html
31959682,/auto_tesla_model_3_31959682.html
31959682,/auto_tesla_model_3_31959682.html
31959089,/auto_hyundai_sonata_31959089.html
31959089,/auto_hyundai_sonata_31959089.html
31958841,/auto_bmw_328_31958841.html
31958841,/auto_bmw_328_31958841.html
31957930,/auto_hyundai_sonata_31957930.html
31957930,/auto_hyundai_sonata_31957930.html
1852420,/newauto/auto-ozgul-polupricep-samosval-1852420.html
1852420,/newauto/auto-ozgul-polupricep-samosval-1852420.html
31953231,/auto_chevrolet_captiva_31953231.html
31953231,/auto_chevrolet_captiva_31953231.html
31946892,/auto_hyundai_i30_31946892.html
31946892,/auto_hyundai_i30_31946892.html
